{"cameraMode":{"drawMode":0,"name":"Shaded","section":"Shading Mode"},"sceneLighting":true,"audioPlay":false,"sceneViewState":{"m_AlwaysRefresh":false,"showFog":true,"showSkybox":true,"showFlares":true,"showImageEffects":true,"showParticleSystems":true,"showVisualEffectGraphs":true,"m_FxEnabled":true},"in2DMode":false,"pivot":{"x":38.63178253173828,"y":-350.1055603027344,"z":111.05632019042969},"rotation":{"x":0.18870501220226289,"y":-0.023566395044326783,"z":0.004528435412794352,"w":0.9817432165145874},"size":0.8660253882408142,"orthographic":false}